"DESCRIPTION","DURATION IN MS","NAME","PARENT SUITE","START TIME","STATUS","STOP TIME","SUB SUITE","SUITE","TEST CLASS","TEST METHOD"
"","611","Checking responce of links is 200 (example #4)","","Mon Jun 02 12:22:18 UTC 2025","passed","Mon Jun 02 12:22:18 UTC 2025","","Checking responce of links","Checking responce of links","Checking responce of links is 200 (example #4)"
"","753","Checking Important Links Block (example #4)","","Mon Jun 02 12:23:05 UTC 2025","passed","Mon Jun 02 12:23:06 UTC 2025","","Homepage","Homepage","Checking Important Links Block (example #4)"
"","834","Check 404 Page (example #5)","","Mon Jun 02 12:22:36 UTC 2025","passed","Mon Jun 02 12:22:36 UTC 2025","","Permission Tests","Permission Tests","Check 404 Page (example #5)"
"","645","Checking responce of links is 200 (example #8)","","Mon Jun 02 12:22:20 UTC 2025","passed","Mon Jun 02 12:22:21 UTC 2025","","Checking responce of links","Checking responce of links","Checking responce of links is 200 (example #8)"
"","600","Checking responce of links is 200 (example #9)","","Mon Jun 02 12:22:21 UTC 2025","passed","Mon Jun 02 12:22:21 UTC 2025","","Checking responce of links","Checking responce of links","Checking responce of links is 200 (example #9)"
"","569","Checking responce of links is 200 (example #18)","","Mon Jun 02 12:22:26 UTC 2025","passed","Mon Jun 02 12:22:27 UTC 2025","","Checking responce of links","Checking responce of links","Checking responce of links is 200 (example #18)"
"","1556","Checking Restoration Areas Block (example #7)","","Mon Jun 02 12:23:23 UTC 2025","passed","Mon Jun 02 12:23:24 UTC 2025","","Homepage","Homepage","Checking Restoration Areas Block (example #7)"
"","587","Checking responce of links is 200 (example #14)","","Mon Jun 02 12:22:24 UTC 2025","passed","Mon Jun 02 12:22:24 UTC 2025","","Checking responce of links","Checking responce of links","Checking responce of links is 200 (example #14)"
"","2281","Verifying the Site Improve Row","","Mon Jun 02 12:22:46 UTC 2025","passed","Mon Jun 02 12:22:49 UTC 2025","","Site Improve","Site Improve","Verifying the Site Improve Row"
"","3495","Checking How We Restore Menu (example #3)","","Mon Jun 02 12:23:31 UTC 2025","passed","Mon Jun 02 12:23:35 UTC 2025","","Homepage","Homepage","Checking How We Restore Menu (example #3)"
"","560","Checking responce of links is 200 (example #10)","","Mon Jun 02 12:22:21 UTC 2025","passed","Mon Jun 02 12:22:22 UTC 2025","","Checking responce of links","Checking responce of links","Checking responce of links is 200 (example #10)"
"","7546","Verifying it Reset button clears the fields","","Mon Jun 02 12:22:05 UTC 2025","passed","Mon Jun 02 12:22:12 UTC 2025","","As a user, I want to see the Story Archive page","As a user, I want to see the Story Archive page","Verifying it Reset button clears the fields"
"","608","Checking responce of links is 200 (example #7)","","Mon Jun 02 12:22:20 UTC 2025","passed","Mon Jun 02 12:22:20 UTC 2025","","Checking responce of links","Checking responce of links","Checking responce of links is 200 (example #7)"
"","3229","Check if user is able to share via X","","Mon Jun 02 12:22:42 UTC 2025","passed","Mon Jun 02 12:22:45 UTC 2025","","Share Block","Share Block","Check if user is able to share via X"
"","587","Checking responce of links is 200 (example #6)","","Mon Jun 02 12:22:19 UTC 2025","passed","Mon Jun 02 12:22:20 UTC 2025","","Checking responce of links","Checking responce of links","Checking responce of links is 200 (example #6)"
"","8961","Checking Important Links Block (example #5)","","Mon Jun 02 12:23:06 UTC 2025","failed","Mon Jun 02 12:23:15 UTC 2025","","Homepage","Homepage","Checking Important Links Block (example #5)"
"","3246","Checking How We Restore Menu (example #6)","","Mon Jun 02 12:23:41 UTC 2025","passed","Mon Jun 02 12:23:44 UTC 2025","","Homepage","Homepage","Checking How We Restore Menu (example #6)"
"","1424","Check if user is able to share via facebook","","Mon Jun 02 12:22:40 UTC 2025","passed","Mon Jun 02 12:22:42 UTC 2025","","Share Block","Share Block","Check if user is able to share via facebook"
"","568","Checking responce of links is 200 (example #11)","","Mon Jun 02 12:22:22 UTC 2025","passed","Mon Jun 02 12:22:23 UTC 2025","","Checking responce of links","Checking responce of links","Checking responce of links is 200 (example #11)"
"","1365","Checking Restoration Areas Block (example #5)","","Mon Jun 02 12:23:20 UTC 2025","passed","Mon Jun 02 12:23:21 UTC 2025","","Homepage","Homepage","Checking Restoration Areas Block (example #5)"
"","869","Checking the footer NOAA Offices block","","Mon Jun 02 12:23:02 UTC 2025","passed","Mon Jun 02 12:23:03 UTC 2025","","Homepage","Homepage","Checking the footer NOAA Offices block"
"","3369","Checking How We Restore Menu (example #4)","","Mon Jun 02 12:23:35 UTC 2025","passed","Mon Jun 02 12:23:38 UTC 2025","","Homepage","Homepage","Checking How We Restore Menu (example #4)"
"","3207","Checking Environmental Compliance from Restoration Areas page (example #1)","","Mon Jun 02 12:21:39 UTC 2025","passed","Mon Jun 02 12:21:42 UTC 2025","","Test the Environmental Compliance Page","Test the Environmental Compliance Page","Checking Environmental Compliance from Restoration Areas page (example #1)"
"","3268","Checking How We Restore Menu (example #2)","","Mon Jun 02 12:23:28 UTC 2025","passed","Mon Jun 02 12:23:31 UTC 2025","","Homepage","Homepage","Checking How We Restore Menu (example #2)"
"","851","Checking Important Links Block (example #1)","","Mon Jun 02 12:23:03 UTC 2025","passed","Mon Jun 02 12:23:03 UTC 2025","","Homepage","Homepage","Checking Important Links Block (example #1)"
"","1416","Checking Restoration Areas Block (example #3)","","Mon Jun 02 12:23:17 UTC 2025","passed","Mon Jun 02 12:23:19 UTC 2025","","Homepage","Homepage","Checking Restoration Areas Block (example #3)"
"","938","Check 404 Page (example #3)","","Mon Jun 02 12:22:34 UTC 2025","passed","Mon Jun 02 12:22:35 UTC 2025","","Permission Tests","Permission Tests","Check 404 Page (example #3)"
"","621","Checking responce of links is 200 (example #16)","","Mon Jun 02 12:22:25 UTC 2025","passed","Mon Jun 02 12:22:26 UTC 2025","","Checking responce of links","Checking responce of links","Checking responce of links is 200 (example #16)"
"","745","Checking Important Links Block (example #3)","","Mon Jun 02 12:23:04 UTC 2025","passed","Mon Jun 02 12:23:05 UTC 2025","","Homepage","Homepage","Checking Important Links Block (example #3)"
"","3419","Checking Environmental Compliance from Restoration Areas page (example #4)","","Mon Jun 02 12:21:49 UTC 2025","passed","Mon Jun 02 12:21:53 UTC 2025","","Test the Environmental Compliance Page","Test the Environmental Compliance Page","Checking Environmental Compliance from Restoration Areas page (example #4)"
"","3590","Checking Environmental Compliance from Restoration Areas page (example #3)","","Mon Jun 02 12:21:46 UTC 2025","passed","Mon Jun 02 12:21:49 UTC 2025","","Test the Environmental Compliance Page","Test the Environmental Compliance Page","Checking Environmental Compliance from Restoration Areas page (example #3)"
"","823","Check 404 Page (example #4)","","Mon Jun 02 12:22:35 UTC 2025","passed","Mon Jun 02 12:22:36 UTC 2025","","Permission Tests","Permission Tests","Check 404 Page (example #4)"
"","753","Checking Important Links Block (example #2)","","Mon Jun 02 12:23:03 UTC 2025","passed","Mon Jun 02 12:23:04 UTC 2025","","Homepage","Homepage","Checking Important Links Block (example #2)"
"","612","Checking responce of links is 200 (example #13)","","Mon Jun 02 12:22:23 UTC 2025","passed","Mon Jun 02 12:22:24 UTC 2025","","Checking responce of links","Checking responce of links","Checking responce of links is 200 (example #13)"
"","3258","Checking Environmental Compliance from Restoration Areas page (example #6)","","Mon Jun 02 12:21:56 UTC 2025","passed","Mon Jun 02 12:22:00 UTC 2025","","Test the Environmental Compliance Page","Test the Environmental Compliance Page","Checking Environmental Compliance from Restoration Areas page (example #6)"
"","571","Checking responce of links is 200 (example #20)","","Mon Jun 02 12:22:27 UTC 2025","passed","Mon Jun 02 12:22:28 UTC 2025","","Checking responce of links","Checking responce of links","Checking responce of links is 200 (example #20)"
"","602","Checking responce of links is 200 (example #19)","","Mon Jun 02 12:22:27 UTC 2025","passed","Mon Jun 02 12:22:27 UTC 2025","","Checking responce of links","Checking responce of links","Checking responce of links is 200 (example #19)"
"","2785","Viewing the footer","","Mon Jun 02 12:22:53 UTC 2025","passed","Mon Jun 02 12:22:56 UTC 2025","","Homepage","Homepage","Viewing the footer"
"","8249","Viewing the Alabama Restoration Area page","","Mon Jun 02 12:21:13 UTC 2025","passed","Mon Jun 02 12:21:22 UTC 2025","","As a user, I want to see the Alabama Restoration Area page","As a user, I want to see the Alabama Restoration Area page","Viewing the Alabama Restoration Area page"
"","3449","Checking Environmental Compliance from Restoration Areas page (example #5)","","Mon Jun 02 12:21:53 UTC 2025","passed","Mon Jun 02 12:21:56 UTC 2025","","Test the Environmental Compliance Page","Test the Environmental Compliance Page","Checking Environmental Compliance from Restoration Areas page (example #5)"
"","563","Checking responce of links is 200 (example #17)","","Mon Jun 02 12:22:26 UTC 2025","passed","Mon Jun 02 12:22:26 UTC 2025","","Checking responce of links","Checking responce of links","Checking responce of links is 200 (example #17)"
"","614","Checking responce of links is 200 (example #12)","","Mon Jun 02 12:22:23 UTC 2025","passed","Mon Jun 02 12:22:23 UTC 2025","","Checking responce of links","Checking responce of links","Checking responce of links is 200 (example #12)"
"","982","Checking Restoration Areas Block (example #2)","","Mon Jun 02 12:23:16 UTC 2025","passed","Mon Jun 02 12:23:17 UTC 2025","","Homepage","Homepage","Checking Restoration Areas Block (example #2)"
"","2810","Check 404 Page (example #1)","","Mon Jun 02 12:22:30 UTC 2025","passed","Mon Jun 02 12:22:33 UTC 2025","","Permission Tests","Permission Tests","Check 404 Page (example #1)"
"","5720","Viewing the Restoration Areas dropdown menu","","Mon Jun 02 12:22:56 UTC 2025","passed","Mon Jun 02 12:23:02 UTC 2025","","Homepage","Homepage","Viewing the Restoration Areas dropdown menu"
"","3250","Checking How We Restore Menu (example #5)","","Mon Jun 02 12:23:38 UTC 2025","passed","Mon Jun 02 12:23:41 UTC 2025","","Homepage","Homepage","Checking How We Restore Menu (example #5)"
"","668","Checking responce of links is 200 (example #21)","","Mon Jun 02 12:22:28 UTC 2025","passed","Mon Jun 02 12:22:29 UTC 2025","","Checking responce of links","Checking responce of links","Checking responce of links is 200 (example #21)"
"","2447","Checking responce of links is 200 (example #1)","","Mon Jun 02 12:22:14 UTC 2025","passed","Mon Jun 02 12:22:16 UTC 2025","","Checking responce of links","Checking responce of links","Checking responce of links is 200 (example #1)"
"","621","Checking responce of links is 200 (example #15)","","Mon Jun 02 12:22:24 UTC 2025","passed","Mon Jun 02 12:22:25 UTC 2025","","Checking responce of links","Checking responce of links","Checking responce of links is 200 (example #15)"
"","815","Checking responce of links is 200 (example #3)","","Mon Jun 02 12:22:17 UTC 2025","passed","Mon Jun 02 12:22:18 UTC 2025","","Checking responce of links","Checking responce of links","Checking responce of links is 200 (example #3)"
"","1176","Checking Restoration Areas Block (example #1)","","Mon Jun 02 12:23:15 UTC 2025","passed","Mon Jun 02 12:23:16 UTC 2025","","Homepage","Homepage","Checking Restoration Areas Block (example #1)"
"","1363","Checking Restoration Areas Block (example #4)","","Mon Jun 02 12:23:19 UTC 2025","passed","Mon Jun 02 12:23:20 UTC 2025","","Homepage","Homepage","Checking Restoration Areas Block (example #4)"
"","3805","Checking Environmental Compliance from Restoration Areas page (example #7)","","Mon Jun 02 12:22:00 UTC 2025","passed","Mon Jun 02 12:22:03 UTC 2025","","Test the Environmental Compliance Page","Test the Environmental Compliance Page","Checking Environmental Compliance from Restoration Areas page (example #7)"
"","487","Checking Stay Connected Block","","Mon Jun 02 12:23:15 UTC 2025","passed","Mon Jun 02 12:23:15 UTC 2025","","Homepage","Homepage","Checking Stay Connected Block"
"","2890","Checking main header menu elements","","Mon Jun 02 12:23:44 UTC 2025","passed","Mon Jun 02 12:23:47 UTC 2025","","Homepage","Homepage","Checking main header menu elements"
"","633","Checking responce of links is 200 (example #2)","","Mon Jun 02 12:22:16 UTC 2025","passed","Mon Jun 02 12:22:17 UTC 2025","","Checking responce of links","Checking responce of links","Checking responce of links is 200 (example #2)"
"","1343","Checking Restoration Areas Block (example #6)","","Mon Jun 02 12:23:21 UTC 2025","passed","Mon Jun 02 12:23:23 UTC 2025","","Homepage","Homepage","Checking Restoration Areas Block (example #6)"
"","2986","Viewing the main menu items","","Mon Jun 02 12:22:50 UTC 2025","passed","Mon Jun 02 12:22:53 UTC 2025","","Homepage","Homepage","Viewing the main menu items"
"","564","Checking responce of links is 200 (example #5)","","Mon Jun 02 12:22:18 UTC 2025","passed","Mon Jun 02 12:22:19 UTC 2025","","Checking responce of links","Checking responce of links","Checking responce of links is 200 (example #5)"
"","3486","Checking How We Restore Menu (example #1)","","Mon Jun 02 12:23:24 UTC 2025","passed","Mon Jun 02 12:23:28 UTC 2025","","Homepage","Homepage","Checking How We Restore Menu (example #1)"
"","3328","Checking Environmental Compliance from Restoration Areas page (example #2)","","Mon Jun 02 12:21:42 UTC 2025","passed","Mon Jun 02 12:21:46 UTC 2025","","Test the Environmental Compliance Page","Test the Environmental Compliance Page","Checking Environmental Compliance from Restoration Areas page (example #2)"
"","2312","Check if user is able to share via email","","Mon Jun 02 12:22:38 UTC 2025","passed","Mon Jun 02 12:22:40 UTC 2025","","Share Block","Share Block","Check if user is able to share via email"
"","817","Check 404 Page (example #2)","","Mon Jun 02 12:22:33 UTC 2025","passed","Mon Jun 02 12:22:34 UTC 2025","","Permission Tests","Permission Tests","Check 404 Page (example #2)"
"","15996","Viewing the Environmental Compliance Page","","Mon Jun 02 12:21:23 UTC 2025","passed","Mon Jun 02 12:21:39 UTC 2025","","Test the Environmental Compliance Page","Test the Environmental Compliance Page","Viewing the Environmental Compliance Page"
